<?xml version="1.0" ?>
<manifest identifier="YnSg0GvLc1m1EmnFTgme5ualvzqFlIU4TdNbeGxh" version="1"
  xmlns="http://www.imsproject.org/xsd/imscp_rootv1p1p2"
  xmlns:lom="http://www.imsglobal.org/xsd/imsmd_v1p2p2"
  xmlns:adlcp="http://www.adlnet.org/xsd/adlcp_rootv1p2"
  xmlns:xsi="http://www.w3.org/2001/XMLSchema-instance"
  xsi:schemaLocation="http://www.imsproject.org/xsd/imscp_rootv1p1p2 imscp_rootv1p1p2.xsd
                      http://www.imsglobal.org/xsd/imsmd_v1p2p2 imsmd_v1p2p2.xsd
                      http://www.adlnet.org/xsd/adlcp_rootv1p2 adlcp_rootv1p2.xsd">
  <metadata>
    <schema>ADL SCORM</schema>
    <schemaversion>1.2</schemaversion>
    <adlcp:location>metadata.xml</adlcp:location>
    <lom:lom>
      <lom:general>
        <lom:title>
          <lom:string language="en-US">Student SOC Program Foundations training</lom:string>
        </lom:title>
        <lom:language>en-US</lom:language>
      </lom:general>
      <lom:metaMetadata>
        <lom:metadataSchema>LOMv1.0</lom:metadataSchema>
        <lom:metadataSchema>SCORM_CAM_v1.2</lom:metadataSchema> 
      </lom:metaMetadata>
    </lom:lom>  
  </metadata>
  <organizations default="articulate_rise">
      <organization identifier="articulate_rise">
      <title>Student SOC Program Foundations training</title>
      <item identifier="i1" identifierref="r1" isvisible="true">
        <title>Student SOC Program Foundations training</title>
        <adlcp:datafromlms>eyJjcHYiOiJUZE5iZUd4aCIsInJsZCI6ZmFsc2V9</adlcp:datafromlms>
      </item>
    </organization>
  </organizations>
  <resources>
    <resource identifier="r1" type="webcontent" adlcp:scormtype="sco" href="scormdriver/indexAPI.html">
      <!-- SCORMDRIVER STUFF -->
      <file href="scormdriver/indexAPI.html" />
      <file href="scormdriver/preloadIntegrity.js" />
      <file href="scormdriver/driverOptions.js" />
      <file href="scormdriver/AICCComm.html" />
      <file href="scormdriver/auto-scripts/AutoBookmark.js" />
      <file href="scormdriver/auto-scripts/AutoCompleteSCO.js" />
      <file href="scormdriver/auto-scripts/CourseExit.js" />
      <file href="scormdriver/blank.html" />
      <file href="scormdriver/goodbye.html" />
      <file href="scormdriver/scormdriver.js" />
      <file href="scormdriver/browsersniff.js" />

      <!-- RUNTIME COMMON STUFF -->
      <file href="scormcontent/index.html" />

      
        <file href="scormcontent/lib/fonts/icomoon.ttf"/>
        <file href="scormcontent/lib/fonts/icomoon.woff"/>

        <file href="scormcontent/lib/icomoon.css"/>
        <file href="scormcontent/lib/player-0.0.11.min.js"/>
        <file href="scormcontent/lib/lzwcompress.js"/>
      

      <!-- FRONTEND BUNDLE ASSETS -->
      <file href="scormcontent/lib/rise/ca459d52.js" />
<file href="scormcontent/lib/rise/02ed395c.css" />
<file href="scormcontent/lib/rise/8c15e80b.js" />
<file href="scormcontent/lib/rise/d2a4cf55.css" />
<file href="scormcontent/lib/rise/b6fe259f.js" />
<file href="scormcontent/lib/rise/77688f0c.js" />
<file href="scormcontent/lib/rise/75f8c3eb.js" />
<file href="scormcontent/lib/rise/c989f2b2.js" />
<file href="scormcontent/lib/rise/bfa86e2c.js" />
<file href="scormcontent/lib/rise/664dcbe8.js" />
<file href="scormcontent/lib/mondrian/entry.js" />
<file href="scormcontent/lib/mondrian/476d6468.js" />
<file href="scormcontent/lib/mondrian/33d78c9b.js" />
<file href="scormcontent/lib/mondrian/215fe725.js" />
<file href="scormcontent/lib/mondrian/c16e7dd3.js" />
<file href="scormcontent/lib/mondrian/6eb617eb.js" />
<file href="scormcontent/lib/mondrian/018ba6a4.js" />
<file href="scormcontent/lib/mondrian/5ebb90af.js" />
<file href="scormcontent/lib/mondrian/825dd797.js" />
<file href="scormcontent/lib/mondrian/beccd965.js" />
<file href="scormcontent/lib/mondrian/56ae9b9c.js" />


      <!-- RUNTIME CONTENT STUFF -->
      <file href="scormcontent/lib/fonts/Z_6aLc6NO0WtIBTd-Avenir-Heavy.woff" />
<file href="scormcontent/lib/fonts/jj6qS9z-4cWHCicf-Avenir-Book.woff" />
<file href="scormcontent/lib/fonts/QxVPGgO48EEK7oAt-Avenir-Oblique.woff" />
<file href="scormcontent/lib/fonts/kE0_OJA8FwG5m2M5-KronaOne-Regular.woff" />
<file href="scormcontent/lib/fonts/Inter-Medium.woff" />
<file href="scormcontent/lib/fonts/Inter-Black.woff" />
<file href="scormcontent/lib/fonts/Inter-Bold.woff" />
<file href="scormcontent/lib/fonts/Inter-Regular.woff" />
<file href="scormcontent/lib/fonts/Inter-Light.woff" />
<file href="scormcontent/assets/Kt-GLtMbDQ61J6D0.jpg" />
<file href="scormcontent/assets/P69ooQ/4-principals-for-an-effective-security-operations-center-SOCIAL-1024x538%20%281%29.jpg" />
<file href="scormcontent/assets/Untitled-1%2002282025.png" />
<file href="scormcontent/assets/koeKlE/Untitled-1%2002282025.png" />
<file href="scormcontent/assets/Detect%20Respond%20Recover%20Illustration%202.png" />
<file href="scormcontent/assets/Phishing%20Flip%20card.png" />
<file href="scormcontent/assets/3u-trG/mountains.jpg" />
<file href="scormcontent/assets/Malware%20Flip%20Card.png" />
<file href="scormcontent/assets/Ransomware%20Flip%20Card.png" />
<file href="scormcontent/assets/Insider%20threat%20Flip%20Card.png" />
<file href="scormcontent/assets/C-4%20Flipcards%20Ethical%2003032025B.jpg" />
<file href="scormcontent/assets/C-4%20Flipcards.jpg" />
<file href="scormcontent/assets/C-4%20Flipcards2.jpg" />
<file href="scormcontent/assets/do9Jmh/stock-image.jpg" />
<file href="scormcontent/assets/2%20Professions%20DOIR%20C.jpg" />
<file href="scormcontent/assets/2%20Professions%20SOC%20C.jpg" />
<file href="scormcontent/assets/2%20Profession%20FA%20C.jpg" />
<file href="scormcontent/assets/SOC%20%20Analyst.jpg" />
<file href="scormcontent/assets/Incident%20Response%20Specialist.jpg" />
<file href="scormcontent/assets/Quintet%20Private%20Bank%20Story%20Thumbnail.jpg" />
<file href="scormcontent/assets/LTIMindtree%20Story%20Thumbnail.jpg" />
<file href="scormcontent/assets/QNET%20Story%20Thumbnail-1.jpg" />
<file href="scormcontent/assets/district-logo.png" />
<file href="scormcontent/assets/SuyUwP/Untitled-1%2002282025.png" />
<file href="scormcontent/assets/defend-against-threat-infographic-updated.jpg" />
<file href="scormcontent/assets/Defender-XDR.jpg" />
<file href="scormcontent/assets/RE50ra9-tab2.jpg" />
<file href="scormcontent/assets/exposure-management-overview.jpg" />
<file href="scormcontent/assets/376988-productfeatures-02.jpg" />
<file href="scormcontent/assets/KhNsmL/Untitled-1%2002282025.png" />
<file href="scormcontent/assets/qYIpkH/stock-image.jpg" />
<file href="scormcontent/assets/9xCtlZ/stock-image.jpg" />
<file href="scormcontent/assets/AvdZqQ/stock-image.jpg" />
<file href="scormcontent/assets/Quote%20Header%202%20CLO20b_Sabien_office_008.jpg" />
<file href="scormcontent/assets/biLA1-/Untitled-1%2002282025.png" />
<file href="scormcontent/assets/7FvG0j/stock-image.jpg" />
<file href="scormcontent/assets/SdWewT/stock-image.jpg" />
<file href="scormcontent/assets/R5jrms/stock-image.jpg" />
<file href="scormcontent/assets/C-4%20Flipcards%20Ethical%20B.jpg" />
<file href="scormcontent/assets/C-4%20Flipcards%20Ethical2.jpg" />
<file href="scormcontent/assets/C-4%20Flipcards%20Ethical%20B3.jpg" />
<file href="scormcontent/assets/1%20Security%20Diagram%20V2B.png" />
<file href="scormcontent/assets/Certificate_of_completion%20.pdf" />
<file href="scormcontent/assets/FBYDjh96WwCc1GY9_491_full.png" />
<file href="scormcontent/assets/PyBhQZbZw831_KUo_498_full.png" />
<file href="scormcontent/assets/jBeA-zqF1f6sHqf9_579_full.png" />
<file href="scormcontent/assets/2iSBrHmy8rOkZzwR_477_full.png" />
<file href="scormcontent/assets/wxuNDZnC_vH8yXa2_430_full.png" />
<file href="scormcontent/assets/usk8qjNQkcffGgo0_467_full.png" />
<file href="scormcontent/assets/zXuKOdoZkrtSWRHj_488_full.png" />
<file href="scormcontent/assets/8k9zZbG_JKrduh47_428_full.png" />
<file href="scormcontent/assets/VQBSwQ7xVLoqc2ao_470_full.png" />
<file href="scormcontent/assets/V7rOgDSnb6Tqq7eK_497_full.png" />
<file href="scormcontent/assets/MQfGO3KHASEvd4y1_475_full.png" />
<file href="scormcontent/assets/qwmRhxMklOLggkzD_510_full.png" />
<file href="scormcontent/assets/uG0aAGIq-sqEORH1_511_full.png" />
<file href="scormcontent/assets/3bxe4RyAWnpTO76A_476_full.png" />
<file href="scormcontent/assets/Ff6oUWM7DCiBYLoA_494_full.png" />
<file href="scormcontent/assets/3Vr2qn9BgUEl9Zjx_569_full.png" />
<file href="scormcontent/assets/Z-fnnb0eNEiEVcDx_571_full.png" />
<file href="scormcontent/assets/8NkGaxvhfN3ZTyMr_147_full.png" />
<file href="scormcontent/assets/UXxuB7szWIRZC3ZT_164_full.png" />
<file href="scormcontent/assets/Y2IlRI0Wmf18-RuJ_189_full.png" />
<file href="scormcontent/assets/AjF_njndX1AWuTvA_195_full.png" />
<file href="scormcontent/assets/7v0Oc8h7sn0tFKhH_198_full.png" />
<file href="scormcontent/assets/uUoaKmgXZE60qgNo_214_full.png" />
<file href="scormcontent/assets/4websA8r58F62WgX_162_full.png" />
<file href="scormcontent/assets/DjktgQti2omo4dFN_104_full.png" />
<file href="scormcontent/assets/VwZ6muXTxYT9Sep1_148_full.png" />
<file href="scormcontent/assets/4EksZLPZnrut6r1L_171_full.png" />
<file href="scormcontent/assets/YZPaU8PfcUTHRs51_103_full.png" />
<file href="scormcontent/assets/8kd0eG37gRrGkBIW_151_full.png" />
<file href="scormcontent/assets/Bn4Ds9bhm_IA_-xX_182_full.png" />
<file href="scormcontent/assets/LQpa72-SsosN9axY_160_full.png" />
<file href="scormcontent/assets/hcWh7ct5zN2nH85K_169_full.png" />
<file href="scormcontent/assets/6xlNByopp8gXyA1N_209_full.png" />
<file href="scormcontent/assets/Kww4rGceJ-6nThCR_161_full.png" />
<file href="scormcontent/assets/2J1AmVxZNKAMD6g9_178_full.png" />
<file href="scormcontent/assets/NK8IlFkTzO4RSgRw_9343_full.png" />
<file href="scormcontent/assets/k5Up5aLV7Vc_12UC_9345_full.png" />
<file href="scormcontent/assets/SAS50FwG1_xFfprY_9380_full.png" />
<file href="scormcontent/assets/mqJMEYCibcbmYA0D_9383_full.png" />
<file href="scormcontent/assets/PvDwZF23dHKClKPA_9384_full.png" />
<file href="scormcontent/assets/hQhK0UiyVBQMNFNg_9388_full.png" />
<file href="scormcontent/assets/LI3wnDuildQXR8hr_9391_full.png" />
<file href="scormcontent/assets/iLh18i5nexOC0_qG_9455_full.png" />
<file href="scormcontent/assets/APf-W51XnreN-WQt_9467_full.png" />
<file href="scormcontent/assets/og5wrfdQR1vDd5mz_9464_full.png" />
<file href="scormcontent/assets/mVSSjB-cChGQowjI_9397_full.png" />
<file href="scormcontent/assets/4EEPZVYQTH3Ucly__9442_full.png" />
<file href="scormcontent/assets/iEymNsGlUnDerMG6_9463_full.png" />
<file href="scormcontent/assets/G3Ll9hcydBQoJnBL_9379_full.png" />
<file href="scormcontent/assets/XpDYr9HeqH_A4YP6_9382_full.png" />
<file href="scormcontent/assets/S8Hy8lS5yMWLJuNX_9363_full.png" />
<file href="scormcontent/assets/Q2HvbcgS-JSbnwCR_9387_full.png" />
<file href="scormcontent/assets/1Xpzs352ETNEXsbZ_151_full.png" />
<file href="scormcontent/assets/xAhVNSPpI-wKAxBL_152_full.png" />
<file href="scormcontent/assets/q4dHXGXXJ5UIOprs_156_full.png" />
<file href="scormcontent/assets/oOj-SIMoeTNDSbbE_208_full.png" />
<file href="scormcontent/assets/5ZIBSqfRlZ7Izz3H_218_full.png" />
<file href="scormcontent/assets/XIyeZaaR46tvs1Ol_232_full.png" />
<file href="scormcontent/assets/zdTQzdL7Dv_XglVc_233_full.png" />
<file href="scormcontent/assets/Y1fCPEFg9__byg4c_249_full.png" />
<file href="scormcontent/assets/azZjlOCiZDF9ZyST_251_full.png" />
<file href="scormcontent/assets/S8OC9Wrrn6_EXGHU_255_full.png" />
<file href="scormcontent/assets/FhPsuMtf_Vc7RiGX_142_full.png" />
<file href="scormcontent/assets/k3qtySuJavtMQAP2_124_full.png" />
<file href="scormcontent/assets/pWVpCwY1UWq_ZQzW_135_full.png" />
<file href="scormcontent/assets/NRYEZ3CAFCQnIa6F_144_full.png" />
<file href="scormcontent/assets/EnpvAP-A04p6tTuq_130_full.png" />
<file href="scormcontent/assets/UIVse7TNMZap92Xb_132_full.png" />
<file href="scormcontent/assets/dwuhknkhfCgwfvUW_138_full.png" />
<file href="scormcontent/assets/HBsdtkvX13Qy0frm_136_full.png" />
<file href="scormcontent/assets/xtYLeSDaboDw6yNe_141_full.png" />
<file href="scormcontent/assets/RfmrsKk2O4Tkug3J_126_full.png" />
<file href="scormcontent/assets/5yxgLY2GOnMNcCGm_139_full.png" />
<file href="scormcontent/assets/xjNNHMOQszU6duxn_137_full.png" />
<file href="scormcontent/assets/IkgZbDkjGrTOpo4H_6951_full.png" />
<file href="scormcontent/assets/K06KdJAZ30IUwt_I_6956_full.png" />
<file href="scormcontent/assets/2THsnJrmblI9H5wc_6947_full.png" />
<file href="scormcontent/assets/CepZbFNZo5JA5aWB_6953_full.png" />
<file href="scormcontent/assets/RITBPtkhLbo-RbVZ_7013_full.png" />
<file href="scormcontent/assets/ygNL7pw5Doz9HSNo_6949_full.png" />
<file href="scormcontent/assets/q4i1JGcsENCiMcX6_6998_full.png" />
<file href="scormcontent/assets/AERZHioBRPXn8oUK_6974_full.png" />
<file href="scormcontent/assets/qsR0g9ZzzMWtnWji_6924_full.png" />
<file href="scormcontent/assets/gh5m_93CZA2-GO2U_6932_full.png" />
<file href="scormcontent/assets/s6WUpt4I1r2ZtYK__6910_full.png" />
<file href="scormcontent/assets/d3BJcmv1fxJpaKuH_6906_full.png" />
<file href="scormcontent/assets/hK4BljixyyhocKQ2_6991_full.png" />
<file href="scormcontent/assets/rWam90KHOMQKYyeq_6897_full.png" />
<file href="scormcontent/assets/R9tfTi8BlyUhMnfl_6900_full.png" />
<file href="scormcontent/assets/UFSmsX2c7gItPhRK_6961_full.png" />
<file href="scormcontent/assets/JN2yTNQa405mCM90_6898_full.png" />

      <file href="scormcontent/locales/und.js" />

    </resource>
  </resources>
</manifest>
