<?xml version="1.0" ?>
<manifest identifier="k2oUlmssnd2_HEwYP2WI9InwTUxp97rW-EiSq7bl" version="1"
  xmlns="http://www.imsproject.org/xsd/imscp_rootv1p1p2"
  xmlns:adlcp="http://www.adlnet.org/xsd/adlcp_rootv1p2"
  xmlns:xsi="http://www.w3.org/2001/XMLSchema-instance"
  xsi:schemaLocation="http://www.imsproject.org/xsd/imscp_rootv1p1p2 imscp_rootv1p1p2.xsd
                      http://www.adlnet.org/xsd/adlcp_rootv1p2 adlcp_rootv1p2.xsd">
  <metadata>
    <schema>ADL SCORM</schema>
    <schemaversion>1.2</schemaversion>
    <adlcp:location>metadata.xml</adlcp:location> 
  </metadata>
  <organizations default="articulate_rise">
      <organization identifier="articulate_rise">
      <title>Student SOC program foundations training</title>
      <item identifier="i1" identifierref="r1" isvisible="true">
        <title>Student SOC program foundations training</title>
        <adlcp:datafromlms>eyJjcHYiOiItRWlTcTdibCIsInJsZCI6ZmFsc2V9</adlcp:datafromlms>
      </item>
    </organization>
  </organizations>
  <resources>
    <resource identifier="r1" type="webcontent" adlcp:scormtype="sco" href="scormdriver/indexAPI.html">
      <!-- SCORMDRIVER STUFF -->
      <file href="scormdriver/indexAPI.html" />
      <file href="scormdriver/preloadIntegrity.js" />
      <file href="scormdriver/driverOptions.js" />
      <file href="scormdriver/AICCComm.html" />
      <file href="scormdriver/auto-scripts/AutoBookmark.js" />
      <file href="scormdriver/auto-scripts/AutoCompleteSCO.js" />
      <file href="scormdriver/auto-scripts/CourseExit.js" />
      <file href="scormdriver/blank.html" />
      <file href="scormdriver/goodbye.html" />
      <file href="scormdriver/scormdriver.js" />
      <file href="scormdriver/browsersniff.js" />

      <!-- RUNTIME COMMON STUFF -->
      <file href="scormcontent/index.html" />

      
        <file href="scormcontent/lib/fonts/icomoon.ttf"/>
        <file href="scormcontent/lib/fonts/icomoon.woff"/>

        <file href="scormcontent/lib/icomoon.css"/>
        <file href="scormcontent/lib/player-0.0.11.min.js"/>
        <file href="scormcontent/lib/lzwcompress.js"/>
      

      <!-- FRONTEND BUNDLE ASSETS -->
      <file href="scormcontent/lib/rise/7b468cd3.js" />
<file href="scormcontent/lib/rise/56803e6d.css" />
<file href="scormcontent/lib/rise/378db39e.js" />
<file href="scormcontent/lib/rise/42ab2bf0.css" />
<file href="scormcontent/lib/rise/bf6b5265.js" />
<file href="scormcontent/lib/rise/51713088.js" />
<file href="scormcontent/lib/rise/8a3bdb69.js" />
<file href="scormcontent/lib/rise/6e309c31.js" />
<file href="scormcontent/lib/rise/db85f2af.js" />
<file href="scormcontent/lib/rise/1a824074.js" />
<file href="scormcontent/lib/rise/3ec6e77e.js" />
<file href="scormcontent/lib/rise/df30b989.js" />
<file href="scormcontent/lib/rise/6b348c3a.js" />
<file href="scormcontent/lib/rise/ccdec15f.js" />
<file href="scormcontent/lib/rise/0bcec83e.js" />
<file href="scormcontent/lib/rise/6042b8ee.js" />
<file href="scormcontent/lib/rise/d748010f.js" />
<file href="scormcontent/lib/rise/7c2963ab.js" />
<file href="scormcontent/lib/learn_dist/entry.js" />
<file href="scormcontent/lib/learn_dist/5515a099.js" />
<file href="scormcontent/lib/learn_dist/e06aa5e6.css" />
<file href="scormcontent/lib/learn_dist/7acdcaff.js" />
<file href="scormcontent/lib/mondrian/entry.js" />
<file href="scormcontent/lib/mondrian/ad3a3b3a.js" />
<file href="scormcontent/lib/mondrian/f4e158bb.js" />
<file href="scormcontent/lib/mondrian/fadd9313.js" />
<file href="scormcontent/lib/mondrian/09e37aee.js" />
<file href="scormcontent/lib/mondrian/196251cf.js" />
<file href="scormcontent/lib/sandbox/sandbox.html" />
<file href="scormcontent/lib/sandbox/5049d5f6.js" />
<file href="scormcontent/lib/sandbox/4adfab46.css" />


      <!-- RUNTIME CONTENT STUFF -->
      <file href="scormcontent/lib/fonts/Lato2-Regular.woff" />
<file href="scormcontent/lib/fonts/Lato2-Light.woff" />
<file href="scormcontent/lib/fonts/Lato2-Italic.woff" />
<file href="scormcontent/lib/fonts/Lato2-Bold.woff" />
<file href="scormcontent/lib/fonts/Lato2-Black.woff" />
<file href="scormcontent/lib/fonts/B9O_zZ4ggxeeINTx-segoe_ui_italic-webfont.woff" />
<file href="scormcontent/lib/fonts/wbxXMbIWcNLynRm8-segoe_ui_bold-webfont.woff" />
<file href="scormcontent/lib/fonts/TEX0rJcTS0_xeWwB-segoe_ui-webfont.woff" />
<file href="scormcontent/assets/UasdW3r0_X67OC11.jpg" />
<file href="scormcontent/assets/CLO22_RemoteHome_025.jpg" />
<file href="scormcontent/assets/en-us-CNTNT-graphic-SOC-Toolkit-roadmap%402x.png" />
<file href="scormcontent/assets/ibRJEn/en-us-CNTNT-graphic-SOC-Toolkit-roadmap%402x.png" />
<file href="scormcontent/assets/en-us-CNTNT-graphic-SOC-Toolkit-detect-respond-recover%402x.png" />
<file href="scormcontent/assets/Phishing%20Flip%20card.png" />
<file href="scormcontent/assets/yAMoow/mountains.jpg" />
<file href="scormcontent/assets/Malware%20Flip%20Card.png" />
<file href="scormcontent/assets/Ransomware%20Flip%20Card.png" />
<file href="scormcontent/assets/Insider%20threat%20Flip%20Card.png" />
<file href="scormcontent/assets/C-4%20Flipcards%20Ethical%2003032025B.jpg" />
<file href="scormcontent/assets/C-4%20Flipcards.jpg" />
<file href="scormcontent/assets/2%20Professions%20DOIR%20C.jpg" />
<file href="scormcontent/assets/2%20Professions%20SOC%20C.jpg" />
<file href="scormcontent/assets/2%20Profession%20FA%20C.jpg" />
<file href="scormcontent/assets/SOC%20%20Analyst.jpg" />
<file href="scormcontent/assets/Incident%20Response%20Specialist.jpg" />
<file href="scormcontent/assets/Quintet%20Private%20Bank%20Story%20Thumbnail.jpg" />
<file href="scormcontent/assets/LTIMindtree%20Story%20Thumbnail.jpg" />
<file href="scormcontent/assets/QNET%20Story%20Thumbnail-1.jpg" />
<file href="scormcontent/assets/district-logo.png" />
<file href="scormcontent/assets/opawBR/en-us-CNTNT-graphic-SOC-Toolkit-roadmap%402x.png" />
<file href="scormcontent/assets/defend-against-threat-infographic-updated.jpg" />
<file href="scormcontent/assets/Defender-XDR.jpg" />
<file href="scormcontent/assets/RE50ra9-tab2.jpg" />
<file href="scormcontent/assets/exposure-management-overview.jpg" />
<file href="scormcontent/assets/376988-productfeatures-02.jpg" />
<file href="scormcontent/assets/VzmDWW/en-us-CNTNT-graphic-SOC-Toolkit-roadmap%402x.png" />
<file href="scormcontent/assets/rYEObB/en-us-CNTNT-graphic-SOC-Toolkit-roadmap%402x.png" />
<file href="scormcontent/assets/C-4%20Flipcards%20Ethical%20B.jpg" />
<file href="scormcontent/assets/C-4%20Flipcards%20Ethical2.jpg" />
<file href="scormcontent/assets/C-4%20Flipcards%20Ethical%20B3.jpg" />
<file href="scormcontent/assets/en-us-CNTNT-graphic-SOC-Toolkit-cyber-workforce%402x.png" />
<file href="scormcontent/assets/cZ620p/CLO22_RemoteHome_025.jpg" />
<file href="scormcontent/assets/Certificate_of_completion%20.pdf" />
<file href="scormcontent/assets/d1sM1LlZv-hEetqO.png" />
<file href="scormcontent/assets/Y9qS_rYzZpisivYB.png" />
<file href="scormcontent/assets/KNK9gstYay94ZKvw.png" />

    </resource>
  </resources>
</manifest>
